<?xml version="1.0" encoding="UTF-8"?>
<hibernate-configuration xmlns="http://www.hibernate.org/xsd/hibernate-configuration"
                         xsi:schemaLocation="http://www.hibernate.org/xsd/hibernate-configuration
                         http://www.hibernate.org/xsd/hibernate-configuration-3.0.xsd"
                         xmlns:xsi="http://www.w3.org/2001/XMLSchema-instance">
    <session-factory>
        <!-- Configuration properties here -->
    </session-factory>
</hibernate-configuration>


<hibernate-configuration>
    <session-factory>
        <!-- Database Connection Properties -->
        <property name="hibernate.connection.driver_class">com.mysql.cj.jdbc.Driver</property>
        <property name="hibernate.connection.url">jdbc:mysql://localhost:3306/labexam</property>
        <property name="hibernate.connection.username">root</property>
        <property name="hibernate.connection.password">Puji@2005</property>

        <!-- Hibernate Properties -->
        <property name="hibernate.dialect">org.hibernate.dialect.MySQL8Dialect</property>
        <property name="hibernate.hbm2ddl.auto">update</property>
        <property name="hibernate.show_sql">true</property>
        <property name="hibernate.format_sql">true</property>

        <!-- Mapping Classes -->
        <mapping class="com.klef.jfsd.exam.Vehicle"/>
        <mapping class="com.klef.jfsd.exam.Car"/>
        <mapping class="com.klef.jfsd.exam.Truck"/>
    </session-factory>
</hibernate-configuration>
